title,publication_date,text,event_signal
"2001 - Meningococcal disease, serogroup W135 - Update",2021-06-07T10:53:19Z,"2001 - Meningococcal disease, serogroup W135 - Update <p>
<span><b>16 May 2001</b> <br><br><b>Disease Outbreak Reported</b></span></p>
<p>
<span>During 2001 the following countries have reported
cases of W135 meningococcal disease to WHO; most cases are associated with international
travel or contact with travellers to Saudi Arabia:</span></p>
<p>
<span>Burkina Faso: 4 cases have been reported.&nbsp; <i>N.
meningitidis</i> serogroup W135 has been laboratory confirmed. Travel/contact history of
cases is not yet known.</span></p>
<p>
<span><strong>Central African Republic</strong>: 3 cases (Haj
pilgrims) have been reported. <i>N. meningitidis</i> serogroup W135 has been laboratory
confirmed.</span></p>
<p>
<span><strong>Denmark:</strong> 2 cases (one case close contact
with Haj pilgrims, the travel/contact history of the second case is not yet known)have
been reported.&nbsp; <i>N. meningitidis</i> serogroup W135 has been laboratory confirmed.</span></p>
<p>
<span><b>France</b>: 2 cases (close contacts with Haj pilgrims)
have been reported. <i>N. meningitidis</i> serogroup W135 has been laboratory confirmed.</span></p>
<p>
<span>Norway: 4 cases (2 contacts with Haj pilgrims) have
been reported. <i>N. meningitidis</i> serogroup W135 has been laboratory confirmed.</span></p>
<p>
<span><b>Saudi Arabia</b>: 109 cases (predominantly Haj pilgrims
from outside Saudi Arabia) including 35 deaths have been reported between 9 February and
22 March 2001. <i>N. meningitidis</i> serogroup W135 has been laboratory confirmed in more
than half of the cases.</span></p>
<p>
<span>Singapore: 4 cases (3 close contacts with Haj pilgrims,
1 history of travel to Saudi Arabia), including 1 death have been reported. Two of the
cases occurred in January 2001, before the main period of pilgrimage to Saudi Arabia. <i>N.
meningitidis</i> serogroup W135 has been laboratory confirmed.</span></p>
<p>
<span><b>United Kingdom of Great Britain and Northern Ireland</b>:
41 cases (8 pilgrims returning from the Haj, 19 cases of close contacts and data
outstanding on the remaining cases) including 11 deaths of laboratory confirmed invasive <i>N.
meningitidis</i> serogroup W135&nbsp; have been reported.</span></p>
<p>
<span>Meningococcal disease. As with all types of
meningococcal disease, early diagnosis and treatment are essential. The symptoms of group
W135 meningococcal disease are the same as for other groups of the disease: sudden onset
of intense headache, high fever, nausea, and vomiting, photophobia and stiff neck. The
most severe clinical form of the disease, meningococcal septicaemia can be presented by
abrupt onset, high fever, petechial rash or purpura.</span></p>
<p>
<span>WHO recommends that chemoprophylaxis be given to close
contacts of the cases, such as persons sleeping in the same dwelling. In most countries
rifampicin is recommended.</span></p>
<p>
<span>In preparation for the Umrah and the Haj seasons for next
year, the Ministry of Health of the Government of Saudi Arabia has notified the Ministries
of Health of all countries from which pilgrims arrive, that the vaccination against
meningococcal meningitis with the quadrivalent vaccine (serogroups A,C, Y and W135) has
been added to the health requirements for arrivals coming to the Umrah and Haj.</span></p>
<p>
<span>WHO encourages national reference laboratories to closely
monitor meningococcal disease.</span></p>
<p>
<span>In order to fully identify and follow the epidemiological
spread of the W135 strain, WHO encourages countries to send specimens to WHO Collaborating
Centres for Meningococcal Infections. The Centres are:</span></p>
<p>
<span>Institut de Médecine Tropicale du Service de Santé des
Armées<br>
Parc du Pharo, B.P. 46<br>
F-13998 Marseille-Armées<br>
France<br>
Dr. Pierre Nicolas<br>
Tel: +33 4 91 15 01 15<br>
Fax: +33 4 91 59 44 77<br>
E-mail:imtssa.meningo@free.fr</span></p>
<p>
<span>WHO Collaborating Centre for Control of Epidemic Meningitis<br>
Centers for Disease Control and Prevention<br>
Atlanta, GA 30333<br>
United States of America<br>
Dr. Tanja Popovic<br>
Tel: +1 404 639 17 30<br>
Fax: +1 404 639 31 23<br>
E-mail: txp1@cdc.gov</span></p>
<p>
<span>WHO Collaboration Centre for Reference and Research on
Meningococci<br>
Department of Bacteriology <br>
National Institute of Public Health<br>
PO Box 4404<br>
Torshov<br>
N-0403 Oslo<br>
Norway<br>
Dr. Dominique Caugant<br>
Tel: + 47 22 04 23 11<br>
Fax: + 47 22 04 25 18<br>
E-mail:dominique.caugant@folkehelsa.no</span></p>
<p>
<span>For further information, please contact: outbreak@who.ch</span></p>
<div></div>",1.0
Cholera in Iraq - Update 3,2021-06-07T10:01:30Z,"Cholera in Iraq - Update 3 <p>
<span><b>19 June 2003<br><br>Disease Outbreak Reported</b></span></p>
<p>
<span>From 28 April to 4 June 2003, a total of 73 laboratory-confirmed cholera cases have been reported in Iraq : 68 in Basra governorate, 4 in Missan governorate, 1 in Muthana governorate. No deaths have been reported.<br><br></span></p>
<p>
<span>From 17 May to 4 June 2003, the daily surveillance system of diarrhoeal disease cases in the four main hospitals of Basra reported a total of 1549 cases of acute watery diarrhea. Among these cases, 25.6 % occurred in patients aged 5 years and above.<br><br></span></p>
<p>
<span>The water supply situation is critical. Short-term measures have been undertaken by UNICEF and local authorities to improve accessibility to safe drinking water and to limit the spread of water-borne epidemics.<br><br></span></p>
<p>
<span>WHO is supporting local authorities in implementing an early warning communicable disease surveillance system, in strengthening laboratory capacity and in coordinating the cholera outbreak response.</span></p>
<p>
<span>The surveillance system is being expanded to the whole Lower South (all 4 governorates) and weekly reports from all facilities have begun.</span></p>
<p>
<span>UNICEF is also supporting the initiative by providing health education material in Arabic and chlorine tablets to all health directorates.</span></p>
<div></div>",1.0
Polio in Congo,2010-11-04T00:00:00Z,"Polio in Congo <p>
<em class=""dateline"">4 November 2010 -</em>
<span>An acute outbreak of poliomyelitis is occurring in the Republic of Congo, with 120 cases of acute flaccid paralysis and 58 deaths. Half the cases have been reported in the past ten days, with the first case occurring in early October. Two cases have been confirmed to have been caused by wild poliovirus type 1 and laboratory testing continues. </span></p>
<p>
<span>Most cases are in young adults: among those cases for which age data is available (43) at this time, 33 are between the ages of 15-25 years. Only one is under five years old, three are between 7 and 13 and five are between 26 and 58. </span></p>
<p>
<span>The outbreak is due to imported poliovirus. Congo had recorded its last case of indigenous polio in 2000. Investigations are ongoing to determine definitively the origins of the virus. </span></p>
<p>
<span>Nearly all cases have been reported from the port city of Pointe Noire, with cases also reported from Dolisie (2), Kayes, Bouenza, Brazzaville, and Mvouiti (one each). </span></p>
<p>
<span>The Government of Congo has alerted the public to the outbreak and launched an emergency response plan, with support from key partners, including WHO, UNICEF and the US CDC. At least three nationwide vaccination campaigns are expected, using monovalent oral polio vaccine and targeting the entire population. The number, geographic extent and target age groups of further campaigns will be determined by the Government based on the evolving epidemiology. It is anticipated that a multi-country campaign will be required to cover bordering at-risk areas. New cases continue to be reported every day.</span></p>
<p>
<span>It is important that countries across central Africa and the Horn of Africa strengthen AFP surveillance, in order to rapidly detect any poliovirus importations and facilitate a rapid response. Countries should also strengthen population immunity levels to minimise the consequences of any virus introduction. As per recommendations outlined in WHO's International Travel and Health, guidance travellers to and from Angola and DR Congo should be fully protected by vaccination. </span></p>
<p>
<span>Given the recent progress achieved in Nigeria (98% reduction in cases this year compared to the same period in 2009), very high priority is being given to rapidly controlling persistent transmission such as in Angola and stopping new outbreaks such as Congo. </span></p>
<h4 class=""section_head2"">For more information</h4>
<ul>
<li>
<a href=""http://www.polioeradication.org"" class=""link_external"" target=""_new"">Global Polio Eradication Initiative</a> </li>
</ul>
<div></div>",1.0
2001 - Meningococcal disease in the African Meningitis Belt,2021-06-07T10:54:09Z,"2001 - Meningococcal disease in the African Meningitis Belt <p>
<span><b>20 February 2001</b> <br><br><b>Disease Outbreak Reported</b></span></p>
<p>
<span>The highest number of cases and the highest burden of this
disease occur in sub-Saharan Africa in an area that is referred to as the meningitis belt.
&nbsp; This is the area between Senegal and Ethiopia and includes all or part of at least
15 countries, with an estimated total population of approximately 300 million. Epidemics occur in seasonal
cycles between the end of November and the end of June, depending on the location and
climate of the country and declines rapidly with the arrival of the rainy season.</span></p>
<p>
<span>WHO has reported a total number of 603 cases, including 45
deaths (case-fatality rate of 7.5%) in 4 départements in the north of&nbsp; <strong>Benin:</strong>
Alibori, Borgou, Atacora and Donga, since January 2001.&nbsp; <i>Neisseria meningitidis</i>
serogroup A has been confirmed. The Ministry of Health has initiated a mass vaccination
campaign in these départements.</span></p>
<p>
<span>From 25 December 2000 to 15 February 2001, a total of 798
cases and 83 deaths (case-fatality rate of 10.4%) has been reported by WHO in 2
préfectures in southwestern <strong>Chad</strong>: Moyen-Chari and Longone Occidental. <i>Neisseria
meningitidis</i> serogroup A has been confirmed. A mass vaccination campaign is underway.</span></p>
<p>
<span>As of 30 January&nbsp;2001, WHO has reported an outbreak of
meningocccal disease in <strong>Ethiopia </strong>in 5 regions: Amhara, Gambella, Somali,
Tigray and Southern regions, with a total of 485 cases and 61 deaths.&nbsp; <i>Neisseria
meningitidis</i> serogroup A has been confirmed. The Ministry of Health has reinforced
surveillance and is carrying out vaccinations in the affected areas.&nbsp; The media is
also providing health education messages.</span></p>
<div></div>",1.0
Circulating vaccine-derived poliovirus type 2 - Democratic Republic of the Congo,2019-01-08T00:00:00Z,"Circulating vaccine-derived poliovirus type 2 - Democratic Republic of the Congo <div><span style=""background-color:transparent;color:#3c4245;font-family:Arial, Helvetica, sans-serif;font-size:16px;text-align:inherit;text-transform:inherit;word-spacing:normal;caret-color:auto;white-space:inherit;"">As of October 2018, genetically-linked circulating vaccine-derived poliovirus type 2 (cVDPV2) isolates were detected in two cases from Haut-Katanga province (Mufunga-Sampwe district) in the Democratic Republic of the Congo. The first case was a 11-year old child who experienced onset of acute flaccid paralysis (AFP) on 6 October. The second case was a 29-month old child who experienced onset of symptoms on 7 October, and is a known contact of the first case. The isolated viruses are a new emergence and unrelated to previously-detected cVDPV2s affecting the country. This is the fourth distinct outbreak of cVDPV2 detected in the country since June 2017. In total, 42 cVDPV2 cases have now been confirmed since detection of the first outbreak in June 2017, 20 cases of which were detected in 2018.<br /></span><br /></div>
<div></div>",1.0
Polio in the Syrian Arab Republic - update,2013-11-26T00:00:00Z,"Polio in the Syrian Arab Republic - update A total of 17 cases due to wild poliovirus type 1 (WPV1) have been confirmed in the Syrian Arab Republic.  In addition to 15 cases confirmed in Deir Al Zour province, two additional cases have been confirmed, one each in rural Damascus and Aleppo, confirming widespread circulation of the virus.  The case with most recent onset developed paralysis on 8 October 2013.  ",1.0
End of Ebola outbreak in Uganda,2012-10-04T00:00:00Z,"End of Ebola outbreak in Uganda <p>
<em class=""dateline"">4 October 2012 -</em>
<span>The Ministry of Health (MoH), Uganda has declared today, the end of the Ebola haemorrhagic fever (EHF) outbreak in Kibaale district. The last case was confirmed on 3 August 2012 and was discharged from the hospital on 24 August 2012. This is double the maximum incubation period (21 days) for Ebola as recommended by WHO. In the outbreak, a total of 24 probable and confirmed cases were recorded, of which 11 were laboratory confirmed by the Uganda Virus Research Institute (UVRI) in Entebbe. A total of 17 deaths were reported in this outbreak. </span></p>
<p>
<span>National and District Ebola Task Forces were coordinated by the MoH to respond to the outbreak. MoH worked closely with WHO and other agencies which included the African Field Epidemiology Network (AFENET), EMESCO Foundation (a local NGO), Infectious Diseases Institute (IDI), Uganda Red Cross Society (URCS), Médecins Sans Frontières (MSF), the United Nations Children's Fund (UNICEF), US Centers for Disease Control and prevention (CDC), US Agency for International Development (USAID). WHO also coordinated with the Global Outbreak Alert and Response Network (GOARN) to support the response operations. </span></p>
<p>
<span>The response activities carried out during the outbreak included enhanced surveillance for early case detection and contact tracing, reinforcement of infection prevention and control including case management in isolation facilities using barrier nursing and conducting supervised safe burials, reinforcement of standard precautions in health care settings and enhancing communication interventions at the national and community levels.</span></p>
<p>
<span>A team led by CDC conducted ecological studies in Kibaale district to try and understand the likely source and route of transmission of the virus. Samples from bats, primates and livestock were collected to study the possible source of the Ebola virus and putative initial human infection from wildlife.</span></p>
<p>
<span>The Ebola response teams have continued to educate the community on prevention, detection of and early reporting of any suspected cases in future. Health workers in the district have been trained on prevention of health care associated infections. </span></p>
<p>
<span>WHO does not recommend that any travel or trade restrictions be applied to the Uganda with respect to this event. </span></p>
<h3 class=""section_head1"">General information on Ebola subtypes</h3>
<p>
<span>There are five identified subtypes of Ebola virus. The subtypes have been named after the location where they were been first detected in EHF outbreaks. Three subtypes of the five have been associated with large EHF outbreaks in Africa. Ebola-Zaire, Ebola-Sudan and Ebola-Bundibugyo. EHF is a febrile haemorrhagic illness which causes death in 25-90% of all cases. The Ebola Reston species, found in the Philippines, can infect humans, but no illness or death in humans has been reported to date.</span></p>
<div></div>",1.0
1997 - Ebola haemorrhagic fever in Gabon (new outbreak) - Update 12,2021-06-08T13:32:24Z,"1997 - Ebola haemorrhagic fever in Gabon (new outbreak) - Update 12 <p>
<span><b>09 January 1997</b> <br><br><b>Disease Outbreak Reported</b></span></p>
<p>
<span>The latest report from Gabon informs that a total of 58 cases with 43 deaths had
occurred in the outbreak up to 8 January. The last fatal case occurred on 8 January. One patient
is still hospitalized and 14 have recovered.</span></p>
<div></div>",1.0
Poliomyelitis in Angola and the Democratic Republic of the Congo,2007-07-30T00:00:00Z,"Poliomyelitis in Angola and the Democratic Republic of the Congo <p>
<span><b>30 July 2007</b></span></p>
<p>
<span>On 25 July 2007, four new cases of polio were confirmed in Equateur province of the Democratic Republic of the Congo, bringing the total number of cases in the country this year to 26. In neighbouring Angola, advance notification of two new polio cases was received, which will bring the total number of cases in Angola in 2007 to 8. The two cases are from Luanda and Benguele provinces.</span></p>
<p>
<span>Both countries are continuing synchronized, cross-border outbreak response activities. Large-scale, supplementary immunization activities (SIAs) were launched nationwide in Angola, and in the affected areas of the Democratic Republic of the Congo (Equateur and Bandundu provinces) on 25 July, to reach more than 8 million children under the age of five years. Further immunization campaigns will be conducted later in the year.</span></p>
<p>
<span>In 2005, poliovirus of Indian origin re-infected Angola, before subsequently spreading to the Democratic Republic of the Congo in 2006.</span></p>
<h4 class=""section_head2"">For more information</h4>
<ul>
<li>
<a href=""http://www.polioeradication.org"" class=""link_external"" target=""_new"">Global Polio Eradication Initiative</a> </li>
</ul>
<div></div>",1.0
1999 - Malaria in Burundi,2021-06-07T14:04:22Z,"1999 - Malaria in Burundi <p>
<span><b>25 June 1999</b> <br><br><b>Disease Outbreak Reported</b></span></p>
<p>
<span>Between January and May 1999, a total of 616 034 cases of malaria was reported by
health centres. In January, all provinces were affected, and although only 75% of
provinces were affected in May, there was a significant increase in some (especially
Karusi, with 2.5 times more cases in May than in April).</span></p>
<p>
<span>A comparison of data for May 1998 and May 1999 has shown that in some provinces, cases
have increased very sharply (e.g. Mutoyi, from 3&nbsp;094 to 7 568; Rutoke, from 293 to
1&nbsp;768). Figures concerning the number of deaths are not available for all provinces.
In Mutoyi, a total of 17 deaths was registered between January and May; in Karusi, 34
deaths were recorded between 15 May and 15 June.</span></p>
<p>
<span>The local health authorities have taken the necessary measures to mobilize resources
for drug procurement, reinforced epidemiological surveillance and vector control.</span></p>
<p>
<span>&nbsp;</span></p>
<div></div>",1.0
Ebola virus disease update - West Africa,2014-08-06T00:00:00Z,"Ebola virus disease update - West Africa Between 2 and 4 August 2014, a total of 108 new cases of Ebola virus disease (laboratory-confirmed, probable, and suspect cases) as well as 45 deaths were reported from Guinea, Liberia, Nigeria, and Sierra Leone. ",1.0
2002 - Cholera in Liberia,2021-06-07T10:32:33Z,"2002 - Cholera in Liberia <p>
<span><b>13 September 2002</b> <br><br><b>Disease Outbreak Reported</b></span></p>
<p>
<span>As of 1 September 2002 WHO has received reports of 661 cases of
cholera in Montserado County. The Ministry of Health and Social Welfare met with WHO, UNICEF, Médecins sans Frontières
(MSF Belgium ) and other nongovernmental organizations to discuss measures to contain the outbreak.
&nbsp; As a result, a team from the Ministry of Health and WHO assessed the
epidemiological situation in the county, including the camps for internally displaced
persons (IDPs).</span></p>
<p>
<span>The team recommended chlorinating of water in and around Monrovia as
well as in the IDP camps.&nbsp; Community-based health promotion activities in the
affected areas were also recommended.&nbsp;</span></p>
<div></div>",1.0
Poliovirus detected from environmental samples in Israel,2013-06-03T00:00:00Z,"Poliovirus detected from environmental samples in Israel In Israel, wild poliovirus type 1 (WPV1) was isolated from sewage samples collected on 9 April 2013 in Rahat, southern Israel.  The virus has been detected in sewage only; no case of paralytic polio has been reported. ",1.0
Sudan virus disease – Uganda,2025-02-01T10:10:31Z,"Sudan virus disease – Uganda On 30 January 2025, the Ministry of Health of Uganda declared an outbreak of Sudan virus disease (SVD) following confirmation from three national reference laboratories. The case presented with signs and symptoms between 20 and 21 January and died on 29 January at the National Referral Hospital in Kampala. 
As of 30 January 2025, 45 contacts have been identified, including 34 healthcare workers and 11 family members. 
Sudan virus disease belongs to the same family as Ebola virus disease. It is caused by Sudan virus (SUDV). It is a severe disease with high case fatality from 41% to 70% in past outbreaks. 
In the absence of licensed vaccines and therapeutics for the prevention and treatment of SVD, the risk of potential serious public health impact is high.    
Early supportive patient care and treatment may increase the chance of survival from severe disease. 
",1.0
Poliomyelitis - Indonesia,2024-03-13T09:24:38Z,"Poliomyelitis - Indonesia <p>22 new polio cases were confirmed in Indonesia, bringing the total number of cases to 122. The new cases are from West Java province.</p><p>Recently confirmed cases in Sumatra and Central Java occurred outside the area where two emergency vaccination campaigns were held on 31 May and 29 June. A large outbreak response immunization targeting 78,000 children aged less than five years was held from 26 June around the case in Central Java. Sumatra and Central Java will be included in the next phase of the large-scale immunization campaigns, which will start from August.</p>",1.0
Measles – Nepal,2023-03-14T15:51:05Z,"Measles – Nepal On 2 January 2023, an outbreak of measles was confirmed in Nepalgunj sub-metropolitan city (SMC) in Banke district, Nepal, following a cluster of cases of fever and rash. Following the confirmation and through active case search, the index case was identified, with the onset of symptoms on 24 November 2022. Between 24 November 2022 and 10 March 2023, 690 measles cases, including one associated death (case fatality ratio: 0.14 %), have been reported from seven districts in western Nepal, and three districts in eastern Nepal (mainly in the Terai ecological region). The majority of the cases (n=591; 86%) have been reported in children aged less than 15 years. 

While measles is endemic in Nepal and is reported every year, the magnitude and extent of the current outbreak are unusually high compared to the previous years. Only sporadic isolated measles cases have occurred since 2004, when a substantial outbreak of over 12 000 cases was reported.  The risk of spread of measles is assessed as high at the national level and moderate at regional level, due to the spread of the outbreak from Nepalgunj SMC to other districts and provinces, the detection of measles cases in a highly mobile population with frequent cross-border travel, and low population immunity of the affected districts. Response measures in affected areas have been implemented, including active case search, case management and outbreak response immunization (ORI).",1.0
Ebola outbreak in Democratic Republic of Congo – update,2012-10-26T00:00:00Z,"Ebola outbreak in Democratic Republic of Congo – update As of 24 October 2012, 52 cases (35 laboratory confirmed, 17 probable) with Ebola haemorrhagic fever (EHF) have been reported in the Democratic Republic of Congo (DRC). Of these, 25 have been fatal (12 confirmed, 13 probable).",1.0
1998 - Cholera in the Comoros Islands,2021-06-08T08:13:57Z,"1998 - Cholera in the Comoros Islands <p>
<span><b>10 February 1998</b> <br><br><b>Disease Outbreak Reported</b></span></p>
<p>
<span>Up to 7 February a total of 193 cases with 8 deaths (CFR 4.14%) had been reported on
Grande Comore Island. Although the first cases were recorded in Mbéni, 77 of the 193
cases have occurred in Moroni and 12 districts and villages in and around the capital.</span></p>
<p>
<span>Measures to prevent further spread and for the effective treatment of cases have been
implemented by the cholera task force which was recently set-up by the Ministry of Health
and WHO.</span></p>
<div></div>",1.0
Ebola virus disease update - Senegal,2014-08-30T00:00:00Z,"Ebola virus disease update - Senegal On 30 August 2014, Senegal’s Ministry of Public Health and Social Affairs provided WHO with details about a case of Ebola virus disease (EVD) announced in that country on 29 August.",1.0
