country,iso3,disease,latest_year,latest_value,forecast_value
Sudan,SDN,Cholera,2024,53001.0,
Chad,TCD,Measles,2024,6978.0,6978.0
Ethiopia,ETH,Malaria,2024,138.5,109.24
South Sudan,SSD,Cholera,2024,20132.0,
Cameroon,CMR,Cholera,2024,199.0,6470.0
Sierra Leone,SLE,Cholera,2013,377.0,
Democratic Republic of Congo,COD,Measles,2024,311500.0,311500.0
Chad,TCD,Cholera,2019,93.0,
Cameroon,CMR,Measles,2024,863.0,3217.0
Somalia,SOM,Measles,2024,1529.0,3167.0
Ghana,GHA,Measles,2024,1944.0,1944.0
Sudan,SDN,Malaria,2024,98.25,97.57
Liberia,LBR,Measles,2024,1053.0,4604.0
Cote d'Ivoire,CIV,Cholera,2021,12.0,
Liberia,LBR,Cholera,2024,340.0,
Sierra Leone,SLE,Measles,2024,129.0,645.0
South Sudan,SSD,Malaria,2024,254.08,264.93
Kenya,KEN,Cholera,2024,302.0,3525.0
Ethiopia,ETH,Measles,2024,31044.0,24038.0
Guinea,GIN,Cholera,2014,1.0,
Burkina Faso,BFA,Measles,2024,4397.0,
South Sudan,SSD,Measles,2024,3114.0,
Ghana,GHA,Malaria,2024,195.77,195.77
Nigeria,NGA,Measles,2024,14999.0,20143.0
Uganda,UGA,Measles,2024,2180.0,399.0
Kenya,KEN,Measles,2024,525.0,896.0
Democratic Republic of Congo,COD,Cholera,2024,31857.0,31857.0
Somalia,SOM,Cholera,2024,21945.0,18304.0
Ethiopia,ETH,Cholera,2024,27152.0,27152.0
Niger,NER,Cholera,2024,1066.0,
Burkina Faso,BFA,Cholera,2022,4.0,
Cote d'Ivoire,CIV,Measles,2024,1872.0,1596.0
Rwanda,RWA,Cholera,2023,207.0,
Sudan,SDN,Measles,2024,1337.0,
Tanzania,TZA,Measles,2024,992.0,992.0
Uganda,UGA,Malaria,2024,264.23,266.58
Senegal,SEN,Measles,2024,496.0,508.0
Somalia,SOM,Malaria,2024,53.28,54.37
Tanzania,TZA,Cholera,2024,12197.0,
Guinea,GIN,Measles,2024,577.0,417.0
Sierra Leone,SLE,Malaria,2024,282.67,284.08
Democratic Republic of Congo,COD,Malaria,2024,321.89,325.29
Tanzania,TZA,Malaria,2024,136.73,136.73
Chad,TCD,Malaria,2024,206.14,206.14
Uganda,UGA,Cholera,2024,135.0,
Cameroon,CMR,Malaria,2024,260.46,260.46
Nigeria,NGA,Malaria,2024,294.25,299.0
Cote d'Ivoire,CIV,Malaria,2024,267.95,269.25
Burkina Faso,BFA,Malaria,2024,353.49,353.49
Mali,MLI,Cholera,2021,12.0,
Mali,MLI,Measles,2024,366.0,366.0
Ghana,GHA,Cholera,2024,423.0,
Guinea,GIN,Malaria,2024,286.08,285.7
Mali,MLI,Malaria,2024,346.22,346.22
Kenya,KEN,Malaria,2024,74.17,74.17
Senegal,SEN,Cholera,2012,1.0,
Liberia,LBR,Malaria,2024,172.34,179.32
Rwanda,RWA,Malaria,2024,77.14,77.14
Niger,NER,Malaria,2024,305.14,305.14
Nigeria,NGA,Cholera,2024,24841.0,23839.0
Senegal,SEN,Malaria,2024,36.78,36.78
Rwanda,RWA,Measles,2024,53.0,53.0
Niger,NER,Measles,2024,2362.0,2362.0
