country,iso3,disease,latest_year,latest_value,anomaly_score,trend_component,forecast_value,forecast_component,measles_vax_pct,vax_gap_component,climate_observation_date,temp_anomaly,precip_anomaly_pct,climate_component,event_component,surveillance_freshness,evidence_freshness_status,forecast_warning,risk_score,risk_tier,explanation
Sudan,SDN,Cholera,2024,53001.0,2.653366525232732,1.0,,,,,2026-08-01,3.722000000000001,-2.895583503948516,0.5144779175197426,1.0,Recent,Recent surveillance,No forecast available,78.6,Critical,recent surveillance anomaly; rising recent trend; unusual climate conditions; recent outbreak intelligence signal
Chad,TCD,Measles,2024,6978.0,4.163301307793121,1.0,6978.0,0.0,66.0,0.58,2026-08-01,2.793,-57.205104263927794,0.751525521319639,1.0,Recent,Recent surveillance,No large increase flagged,76.2,Critical,recent surveillance anomaly; rising recent trend; immunization gap; unusual climate conditions; recent outbreak intelligence signal
Ethiopia,ETH,Malaria,2024,138.5,3.700050146717038,1.0,109.24,0.0,,,2026-08-01,0.9109999999999996,-4.577428891834046,0.1747204777925035,1.0,Recent,Recent surveillance,No large increase flagged,70.0,High,recent surveillance anomaly; rising recent trend; recent outbreak intelligence signal
South Sudan,SSD,Cholera,2024,20132.0,2.7594704618524513,0.32288335360269055,,,,,2026-08-01,3.515000000000001,-45.532297996848975,0.7276614899842448,1.0,Recent,Recent surveillance,No forecast available,63.5,High,recent surveillance anomaly; unusual climate conditions; recent outbreak intelligence signal
Cameroon,CMR,Cholera,2024,199.0,0.6744907594765952,1.0,6470.0,1.0,,,2026-08-01,1.4989999999999988,-22.55463611287926,0.3626065138977294,1.0,Recent,Recent surveillance,Review forecast,63.2,High,rising recent trend; forecast points upward; recent outbreak intelligence signal
Sierra Leone,SLE,Cholera,2013,377.0,0.7321225568390621,1.0,,,,,2026-08-01,1.876999999999999,-98.88577384803392,0.8072622025735028,1.0,Stale,Review required,No forecast available,62.2,High,rising recent trend; unusual climate conditions; recent outbreak intelligence signal
Democratic Republic of Congo,COD,Measles,2024,311500.0,2.367063631736873,0.7806424878701571,311500.0,0.0,55.0,0.8,2026-08-01,1.7409999999999997,-69.18767507002802,0.6361050420168067,1.0,Recent,Recent surveillance,No large increase flagged,61.7,High,recent surveillance anomaly; rising recent trend; immunization gap; unusual climate conditions; recent outbreak intelligence signal
Chad,TCD,Cholera,2019,93.0,0.6744907594765952,1.0,,,,,2026-08-01,2.793,-57.205104263927794,0.751525521319639,1.0,Stale,Review required,No forecast available,60.8,High,rising recent trend; unusual climate conditions; recent outbreak intelligence signal
Cameroon,CMR,Measles,2024,863.0,0.6269367347077417,1.0,3217.0,1.0,71.0,0.48,2026-08-01,1.4989999999999988,-22.55463611287926,0.3626065138977294,1.0,Recent,Recent surveillance,Review forecast,60.5,High,rising recent trend; forecast points upward; recent outbreak intelligence signal
Somalia,SOM,Measles,2024,1529.0,0.0,1.0,3167.0,1.0,64.0,0.62,2026-08-01,0.6499999999999986,-98.46331156358048,0.6006498911512355,1.0,Recent,Recent surveillance,No large increase flagged,60.3,High,rising recent trend; forecast points upward; immunization gap; unusual climate conditions; recent outbreak intelligence signal
Ghana,GHA,Measles,2024,1944.0,3.4032123336457523,1.0,1944.0,0.0,90.0,0.1,2026-08-01,0.1400000000000041,52.62515262515264,0.2864590964590972,1.0,Recent,Recent surveillance,No large increase flagged,59.9,High,recent surveillance anomaly; rising recent trend; recent outbreak intelligence signal
Sudan,SDN,Malaria,2024,98.25,2.4572073084820953,0.7920513849859488,97.57,0.0,,,2026-08-01,3.722000000000001,-2.895583503948516,0.5144779175197426,1.0,Recent,Recent surveillance,No large increase flagged,58.1,High,recent surveillance anomaly; rising recent trend; unusual climate conditions; recent outbreak intelligence signal
Liberia,LBR,Measles,2024,1053.0,0.0,1.0,4604.0,1.0,82.0,0.26,2026-08-01,2.2330000000000005,-99.38399507196056,0.8690866420264696,1.0,Recent,Recent surveillance,Review forecast,57.6,High,rising recent trend; forecast points upward; unusual climate conditions; recent outbreak intelligence signal
Cote d'Ivoire,CIV,Cholera,2021,12.0,3.503604778392314,0.0,,,,,2026-08-01,0.6120000000000019,-46.90525080668818,0.3365262540334412,1.0,Stale,Review required,No forecast available,56.6,High,recent surveillance anomaly; recent outbreak intelligence signal
Liberia,LBR,Cholera,2024,340.0,0.0,1.0,,,,,2026-08-01,2.2330000000000005,-99.38399507196056,0.8690866420264696,1.0,Recent,Recent surveillance,No forecast available,55.3,High,rising recent trend; unusual climate conditions; recent outbreak intelligence signal
Sierra Leone,SLE,Measles,2024,129.0,0.08456917779370154,1.0,645.0,1.0,90.0,0.1,2026-08-01,1.876999999999999,-98.88577384803392,0.8072622025735028,1.0,Recent,Recent surveillance,Review forecast,55.2,High,rising recent trend; forecast points upward; unusual climate conditions; recent outbreak intelligence signal
South Sudan,SSD,Malaria,2024,254.08,3.2469671444570833,0.25349282485541164,264.93,0.0,,,2026-08-01,3.515000000000001,-45.532297996848975,0.7276614899842448,1.0,Recent,Recent surveillance,No large increase flagged,54.9,High,recent surveillance anomaly; unusual climate conditions; recent outbreak intelligence signal
Kenya,KEN,Cholera,2024,302.0,0.023012037676260307,1.0,3525.0,1.0,,,2026-08-01,0.5279999999999987,-5.852417302798988,0.1172620865139947,1.0,Recent,Recent surveillance,Review forecast,54.5,High,rising recent trend; forecast points upward; recent outbreak intelligence signal
Ethiopia,ETH,Measles,2024,31044.0,1.999117454712481,1.0,24038.0,0.0,72.0,0.46,2026-08-01,0.9109999999999996,-4.577428891834046,0.1747204777925035,1.0,Recent,Recent surveillance,No large increase flagged,53.6,High,rising recent trend; recent outbreak intelligence signal
Guinea,GIN,Cholera,2014,1.0,0.054223766938314516,1.0,,,,,2026-08-01,1.1720000000000006,-97.47211508391536,0.6826939087529103,1.0,Stale,Review required,No forecast available,53.2,High,rising recent trend; unusual climate conditions; recent outbreak intelligence signal
Burkina Faso,BFA,Measles,2024,4397.0,5.621260432678261,0.0,,,88.0,0.14,2026-08-01,1.154,-22.570194384449245,0.3051843052555795,1.0,Recent,Recent surveillance,No forecast available,53.1,High,recent surveillance anomaly; recent outbreak intelligence signal
South Sudan,SSD,Measles,2024,3114.0,0.0835111509791988,1.0,,,72.0,0.46,2026-08-01,3.515000000000001,-45.532297996848975,0.7276614899842448,1.0,Recent,Recent surveillance,No forecast available,52.7,High,rising recent trend; unusual climate conditions; recent outbreak intelligence signal
Ghana,GHA,Malaria,2024,195.77,3.6181611454780023,0.23881757469968237,195.77,0.0,,,2026-08-01,0.1400000000000041,52.62515262515264,0.2864590964590972,1.0,Recent,Recent surveillance,No large increase flagged,52.7,High,recent surveillance anomaly; recent outbreak intelligence signal
Nigeria,NGA,Measles,2024,14999.0,0.0,0.6554668906621867,20143.0,1.0,57.0,0.76,2026-08-01,1.1820000000000022,1.6056518946692473,0.2050282594733466,1.0,Recent,Recent surveillance,No large increase flagged,51.6,High,rising recent trend; forecast points upward; immunization gap; recent outbreak intelligence signal
Uganda,UGA,Measles,2024,2180.0,2.168353867559235,0.9065217391304348,399.0,0.0,90.0,0.1,2026-08-01,1.774000000000001,-40.98360655737706,0.5005846994535521,1.0,Recent,Recent surveillance,No large increase flagged,50.9,High,recent surveillance anomaly; rising recent trend; unusual climate conditions; recent outbreak intelligence signal
Kenya,KEN,Measles,2024,525.0,0.2807129172388142,1.0,896.0,1.0,88.0,0.14,2026-08-01,0.5279999999999987,-5.852417302798988,0.1172620865139947,1.0,Recent,Recent surveillance,No large increase flagged,50.4,High,rising recent trend; forecast points upward; recent outbreak intelligence signal
Democratic Republic of Congo,COD,Cholera,2024,31857.0,0.6744907594765953,1.0,31857.0,0.0,,,2026-08-01,1.7409999999999997,-69.18767507002802,0.6361050420168067,1.0,Recent,Recent surveillance,No large increase flagged,48.7,Moderate,rising recent trend; unusual climate conditions; recent outbreak intelligence signal
Somalia,SOM,Cholera,2024,21945.0,0.6744907594765952,1.0,18304.0,0.0,,,2026-08-01,0.6499999999999986,-98.46331156358048,0.6006498911512355,1.0,Recent,Recent surveillance,No large increase flagged,48.3,Moderate,rising recent trend; unusual climate conditions; recent outbreak intelligence signal
Ethiopia,ETH,Cholera,2024,27152.0,1.203664404106607,1.0,27152.0,0.0,,,2026-08-01,0.9109999999999996,-4.577428891834046,0.1747204777925035,1.0,Recent,Recent surveillance,No large increase flagged,48.0,Moderate,rising recent trend; recent outbreak intelligence signal
Niger,NER,Cholera,2024,1066.0,0.0,1.0,,,,,2026-08-01,1.4480000000000004,-20.503288533028314,0.343849775998475,1.0,Recent,Recent surveillance,No forecast available,47.8,Moderate,rising recent trend; recent outbreak intelligence signal
Burkina Faso,BFA,Cholera,2022,4.0,0.0,1.0,,,,,2026-08-01,1.154,-22.570194384449245,0.3051843052555795,1.0,Aging,Review required,No forecast available,47.2,Moderate,rising recent trend; recent outbreak intelligence signal
Cote d'Ivoire,CIV,Measles,2024,1872.0,0.6744907594765952,1.0,1596.0,0.0,75.0,0.4,2026-08-01,0.6120000000000019,-46.90525080668818,0.3365262540334412,1.0,Recent,Recent surveillance,No large increase flagged,44.4,Moderate,rising recent trend; recent outbreak intelligence signal
Rwanda,RWA,Cholera,2023,207.0,1.5466770863859856,0.0,,,,,2026-08-01,2.280999999999999,-95.17241379310344,0.8560287356321837,1.0,Aging,Review required,No forecast available,43.1,Moderate,unusual climate conditions; recent outbreak intelligence signal
Sudan,SDN,Measles,2024,1337.0,0.6744907594765952,0.0,,,46.0,0.98,2026-08-01,3.722000000000001,-2.895583503948516,0.5144779175197426,1.0,Recent,Recent surveillance,No forecast available,41.1,Moderate,immunization gap; unusual climate conditions; recent outbreak intelligence signal
Tanzania,TZA,Measles,2024,992.0,0.6744907594765953,1.0,992.0,0.0,84.0,0.22,2026-08-01,0.2620000000000004,-43.92523364485982,0.2632928348909658,1.0,Recent,Recent surveillance,No large increase flagged,41.0,Moderate,rising recent trend; recent outbreak intelligence signal
Uganda,UGA,Malaria,2024,264.23,1.6010639240100617,0.3733974979249721,266.58,0.0,,,2026-08-01,1.774000000000001,-40.98360655737706,0.5005846994535521,1.0,Recent,Recent surveillance,No large increase flagged,40.6,Moderate,unusual climate conditions; recent outbreak intelligence signal
Senegal,SEN,Measles,2024,496.0,0.0,1.0,508.0,0.0,87.0,0.16,2026-08-01,1.291999999999998,-3.2675975241111312,0.2316713209538886,1.0,Recent,Recent surveillance,No large increase flagged,34.7,Moderate,rising recent trend; recent outbreak intelligence signal
Somalia,SOM,Malaria,2024,53.28,0.9566756690535345,0.284431256181998,54.37,0.0,,,2026-08-01,0.6499999999999986,-98.46331156358048,0.6006498911512355,1.0,Recent,Recent surveillance,No large increase flagged,34.0,Moderate,unusual climate conditions; recent outbreak intelligence signal
Tanzania,TZA,Cholera,2024,12197.0,1.3392350643072883,0.0,,,,,2026-08-01,0.2620000000000004,-43.92523364485982,0.2632928348909658,1.0,Recent,Recent surveillance,No forecast available,32.4,Moderate,recent outbreak intelligence signal
Guinea,GIN,Measles,2024,577.0,0.6744907594765952,0.0,417.0,0.0,60.0,0.7,2026-08-01,1.1720000000000006,-97.47211508391536,0.6826939087529103,1.0,Recent,Recent surveillance,No large increase flagged,32.4,Moderate,immunization gap; unusual climate conditions; recent outbreak intelligence signal
Sierra Leone,SLE,Malaria,2024,282.67,0.6518117426573315,0.22580896603281583,284.08,0.0,,,2026-08-01,1.876999999999999,-98.88577384803392,0.8072622025735028,1.0,Recent,Recent surveillance,No large increase flagged,32.3,Moderate,unusual climate conditions; recent outbreak intelligence signal
Democratic Republic of Congo,COD,Malaria,2024,321.89,0.6744907594765952,0.27876624079155726,325.29,0.0,,,2026-08-01,1.7409999999999997,-69.18767507002802,0.6361050420168067,1.0,Recent,Recent surveillance,No large increase flagged,31.8,Moderate,unusual climate conditions; recent outbreak intelligence signal
Tanzania,TZA,Malaria,2024,136.73,0.3784271587822455,0.4578068692938451,136.73,0.0,,,2026-08-01,0.2620000000000004,-43.92523364485982,0.2632928348909658,1.0,Recent,Recent surveillance,No large increase flagged,29.0,Moderate,recent outbreak intelligence signal
Chad,TCD,Malaria,2024,206.14,0.09502494125223099,0.3074932949737331,206.14,0.0,,,2026-08-01,2.793,-57.205104263927794,0.751525521319639,1.0,Recent,Recent surveillance,No large increase flagged,28.7,Moderate,unusual climate conditions; recent outbreak intelligence signal
Uganda,UGA,Cholera,2024,135.0,0.6744907594765952,0.0,,,,,2026-08-01,1.774000000000001,-40.98360655737706,0.5005846994535521,1.0,Recent,Recent surveillance,No forecast available,28.7,Moderate,unusual climate conditions; recent outbreak intelligence signal
Cameroon,CMR,Malaria,2024,260.46,0.5120479587649556,0.34303932896820294,260.46,0.0,,,2026-08-01,1.4989999999999988,-22.55463611287926,0.3626065138977294,1.0,Recent,Recent surveillance,No large increase flagged,28.6,Moderate,recent outbreak intelligence signal
Nigeria,NGA,Malaria,2024,294.25,0.6744907594765952,0.32680525814894135,299.0,0.0,,,2026-08-01,1.1820000000000022,1.6056518946692473,0.2050282594733466,1.0,Recent,Recent surveillance,No large increase flagged,27.8,Moderate,recent outbreak intelligence signal
Cote d'Ivoire,CIV,Malaria,2024,267.95,0.6744907594765953,0.2507854964107974,269.25,0.0,,,2026-08-01,0.6120000000000019,-46.90525080668818,0.3365262540334412,1.0,Recent,Recent surveillance,No large increase flagged,27.6,Moderate,recent outbreak intelligence signal
Burkina Faso,BFA,Malaria,2024,353.49,0.6250281037816388,0.2734600505431594,353.49,0.0,,,2026-08-01,1.154,-22.570194384449245,0.3051843052555795,1.0,Recent,Recent surveillance,No large increase flagged,27.3,Moderate,recent outbreak intelligence signal
Mali,MLI,Cholera,2021,12.0,0.6744907594765952,0.0,,,,,2026-08-01,1.5010000000000012,-29.62584718224862,0.39829590257791,1.0,Stale,Review required,No forecast available,27.2,Moderate,recent outbreak intelligence signal
Mali,MLI,Measles,2024,366.0,0.6644237332157505,0.0,366.0,0.0,72.0,0.46,2026-08-01,1.5010000000000012,-29.62584718224862,0.39829590257791,1.0,Recent,Recent surveillance,No large increase flagged,25.9,Moderate,recent outbreak intelligence signal
Ghana,GHA,Cholera,2024,423.0,0.6744907594765952,0.0,,,,,2026-08-01,0.1400000000000041,52.62515262515264,0.2864590964590972,1.0,Recent,Recent surveillance,No forecast available,25.6,Moderate,recent outbreak intelligence signal
Guinea,GIN,Malaria,2024,286.08,0.0,0.24163851443096288,285.7,0.0,,,2026-08-01,1.1720000000000006,-97.47211508391536,0.6826939087529103,1.0,Recent,Recent surveillance,No large increase flagged,25.5,Moderate,unusual climate conditions; recent outbreak intelligence signal
Mali,MLI,Malaria,2024,346.22,0.0,0.35630270206743936,346.22,0.0,,,2026-08-01,1.5010000000000012,-29.62584718224862,0.39829590257791,1.0,Recent,Recent surveillance,No large increase flagged,24.8,Low,recent outbreak intelligence signal
Kenya,KEN,Malaria,2024,74.17,0.6554560509269487,0.2500271709596783,74.17,0.0,,,2026-08-01,0.5279999999999987,-5.852417302798988,0.1172620865139947,1.0,Recent,Recent surveillance,No large increase flagged,24.8,Low,recent outbreak intelligence signal
Senegal,SEN,Cholera,2012,1.0,0.6744907594765952,0.0,,,,,2026-08-01,1.291999999999998,-3.2675975241111312,0.2316713209538886,1.0,Stale,Review required,No forecast available,24.8,Low,recent outbreak intelligence signal
Liberia,LBR,Malaria,2024,172.34,0.11663197945203696,0.0,179.32,0.0,,,2026-08-01,2.2330000000000005,-99.38399507196056,0.8690866420264696,1.0,Recent,Recent surveillance,No large increase flagged,23.0,Low,unusual climate conditions; recent outbreak intelligence signal
Rwanda,RWA,Malaria,2024,77.14,0.04457826030880197,0.0,77.14,0.0,,,2026-08-01,2.280999999999999,-95.17241379310344,0.8560287356321837,1.0,Recent,Recent surveillance,No large increase flagged,22.2,Low,unusual climate conditions; recent outbreak intelligence signal
Niger,NER,Malaria,2024,305.14,0.0,0.2615346452786505,305.14,0.0,,,2026-08-01,1.4480000000000004,-20.503288533028314,0.343849775998475,1.0,Recent,Recent surveillance,No large increase flagged,22.0,Low,recent outbreak intelligence signal
Nigeria,NGA,Cholera,2024,24841.0,0.6744907594765952,0.0,23839.0,0.0,,,2026-08-01,1.1820000000000022,1.6056518946692473,0.2050282594733466,1.0,Recent,Recent surveillance,No large increase flagged,20.1,Low,recent outbreak intelligence signal
Senegal,SEN,Malaria,2024,36.78,0.0,0.2323351609728664,36.78,0.0,,,2026-08-01,1.291999999999998,-3.2675975241111312,0.2316713209538886,1.0,Recent,Recent surveillance,No large increase flagged,20.0,Low,recent outbreak intelligence signal
Rwanda,RWA,Measles,2024,53.0,0.0,0.0,53.0,0.0,97.0,0.0,2026-08-01,2.280999999999999,-95.17241379310344,0.8560287356321837,1.0,Recent,Recent surveillance,No large increase flagged,18.6,Low,unusual climate conditions; recent outbreak intelligence signal
Niger,NER,Measles,2024,2362.0,0.07289781574712581,0.01244070527163695,2362.0,0.0,81.0,0.28,2026-08-01,1.4480000000000004,-20.503288533028314,0.343849775998475,1.0,Recent,Recent surveillance,No large increase flagged,18.4,Low,recent outbreak intelligence signal
