country,iso3,latitude,longitude
Kenya,KEN,-1.2864,36.8172
Uganda,UGA,0.3476,32.5825
Tanzania,TZA,-6.7924,39.2083
Rwanda,RWA,-1.9441,30.0619
Democratic Republic of Congo,COD,-4.4419,15.2663
South Sudan,SSD,4.8594,31.5713
Ethiopia,ETH,9.0320,38.7469
Somalia,SOM,2.0469,45.3182
Sudan,SDN,15.5007,32.5599
Nigeria,NGA,9.0765,7.3986
Ghana,GHA,5.6037,-0.1870
Cameroon,CMR,3.8480,11.5021
Chad,TCD,12.1348,15.0557
Niger,NER,13.5127,2.1128
Burkina Faso,BFA,12.3714,-1.5197
Mali,MLI,12.6392,-8.0029
Senegal,SEN,14.7167,-17.4677
Cote d'Ivoire,CIV,6.8276,-5.2893
Guinea,GIN,9.6412,-13.5784
Liberia,LBR,6.2907,-10.7605
Sierra Leone,SLE,8.4657,-13.2317
